id,name,start,end,location,organization,created,modified
https://www.bonn.sitzung-online.de/public/oparl/meetings?id=2005228,Sitzung des Integrationsrates (Sammeldatum für alle Vorlagen der neuen Wahlperiode),2025-12-31T18:00:00+01:00,2026-01-01T00:00:00+01:00,,['https://www.bonn.sitzung-online.de/public/oparl/organizations?typ=gr&id=19'],2025-05-23T13:31:55+02:00,2025-05-28T13:53:49+02:00
https://www.bonn.sitzung-online.de/public/oparl/meetings?id=2005230,"Sitzung des Ausschusses für Soziales, Migration und Gesundheit (Sammeldatum für alle Vorlagen der neuen Wahlperiode)",2025-12-31T18:00:00+01:00,2026-01-01T00:00:00+01:00,,['https://www.bonn.sitzung-online.de/public/oparl/organizations?typ=gr&id=341'],2025-05-28T13:55:42+02:00,2025-05-28T13:55:43+02:00
https://www.bonn.sitzung-online.de/public/oparl/meetings?id=2005231,Sitzung des Betriebsausschusses für Seniorenzentren (Sammeldatum für alle Vorlagen der neuen Wahlperiode),2025-12-31T18:00:00+01:00,2026-01-01T00:00:00+01:00,,['https://www.bonn.sitzung-online.de/public/oparl/organizations?typ=gr&id=336'],2025-05-28T13:56:27+02:00,2025-05-28T13:56:27+02:00
https://www.bonn.sitzung-online.de/public/oparl/meetings?id=2005232,"Sitzung des Ausschusses für Kinder-, Jugend und Familie (Sammeldatum für alle Vorlagen der neuen Wahlperiode)",2025-12-31T18:00:00+01:00,2026-01-01T00:00:00+01:00,,['https://www.bonn.sitzung-online.de/public/oparl/organizations?typ=gr&id=6'],2025-05-28T13:56:44+02:00,2025-05-28T13:56:44+02:00
https://www.bonn.sitzung-online.de/public/oparl/meetings?id=2005234,"Sitzung des Ausschusses für Umwelt, Klima und Lokale Agenda (Sammeldatum für alle Vorlagen der neuen Wahlperiode)",2025-12-31T18:00:00+01:00,2026-01-01T00:00:00+01:00,,['https://www.bonn.sitzung-online.de/public/oparl/organizations?typ=gr&id=342'],2025-05-28T13:57:49+02:00,2025-05-28T13:57:49+02:00
https://www.bonn.sitzung-online.de/public/oparl/meetings?id=2005235,Sitzung des Ausschusses für Mobilität und Verkehr (Sammeldatum für alle Vorlagen der neuen Wahlperiode),2025-12-31T18:00:00+01:00,2026-01-01T00:00:00+01:00,,['https://www.bonn.sitzung-online.de/public/oparl/organizations?typ=gr&id=340'],2025-05-28T13:58:04+02:00,2025-05-28T13:58:04+02:00
https://www.bonn.sitzung-online.de/public/oparl/meetings?id=2005237,Sitzung des Rechnungsprüfungsausschusses (Sammeldatum für alle Vorlagen der neuen Wahlperiode),2025-12-31T18:00:00+01:00,2026-01-01T00:00:00+01:00,,['https://www.bonn.sitzung-online.de/public/oparl/organizations?typ=gr&id=18'],2025-05-28T13:59:02+02:00,2025-05-28T13:59:02+02:00
https://www.bonn.sitzung-online.de/public/oparl/meetings?id=2005240,Sitzung des Beirates Kinder- und Jugendbeteiligung (Sammeldatum für alle Vorlagen der neuen Wahlperiode),2025-12-31T18:00:00+01:00,2026-01-01T00:00:00+01:00,,['https://www.bonn.sitzung-online.de/public/oparl/organizations?typ=gr&id=352'],2025-05-28T13:59:32+02:00,2025-05-28T13:59:32+02:00
https://www.bonn.sitzung-online.de/public/oparl/meetings?id=2005241,Sitzung des Hauptausschusses (Sammeldatum für alle Vorlagen der neuen Wahlperiode),2025-12-31T18:00:00+01:00,2026-01-01T00:00:00+01:00,,['https://www.bonn.sitzung-online.de/public/oparl/organizations?typ=gr&id=12'],2025-05-28T13:59:39+02:00,2025-05-28T13:59:39+02:00
https://www.bonn.sitzung-online.de/public/oparl/meetings?id=2005242,Sitzung des Ausschusses für Beteiligung der Bürgerinnen und Bürger (Sammeldatum für alle Vorlagen der neuen Wahlperiode),2025-12-31T18:00:00+01:00,2026-01-01T00:00:00+01:00,,['https://www.bonn.sitzung-online.de/public/oparl/organizations?typ=gr&id=337'],2025-05-28T14:00:03+02:00,2025-05-28T14:00:03+02:00
https://www.bonn.sitzung-online.de/public/oparl/meetings?id=2005243,"Sitzung des Ausschusses für Finanzen, Beteiligungen und Vergabe (Sammeldatum für alle Vorlagen der neuen Wahlperiode)",2025-12-31T18:00:00+01:00,2026-01-01T00:00:00+01:00,,['https://www.bonn.sitzung-online.de/public/oparl/organizations?typ=gr&id=329'],2025-05-28T14:00:25+02:00,2025-05-28T14:00:25+02:00
https://www.bonn.sitzung-online.de/public/oparl/meetings?id=2005244,"Sitzung des Ausschusses für Wohnen, Planung und Bauen (Sammeldatum für alle Vorlagen der neuen Wahlperiode)",2025-12-31T18:00:00+01:00,2026-01-01T00:00:00+01:00,,['https://www.bonn.sitzung-online.de/public/oparl/organizations?typ=gr&id=339'],2025-05-28T14:00:43+02:00,2025-08-18T10:02:37+02:00
https://www.bonn.sitzung-online.de/public/oparl/meetings?id=2005245,Sitzung des Kulturausschusses (Sammeldatum für alle Vorlagen der neuen Wahlperiode),2025-12-31T18:00:00+01:00,2026-01-01T00:00:00+01:00,,['https://www.bonn.sitzung-online.de/public/oparl/organizations?typ=gr&id=17'],2025-05-28T14:01:03+02:00,2025-05-28T14:01:03+02:00
https://www.bonn.sitzung-online.de/public/oparl/meetings?id=2005247,Sitzung des Unterausschusses für Digitalisierung und Organisation (Sammeldatum für alle Vorlagen der neuen Wahlperiode),2025-12-31T18:00:00+01:00,2026-01-01T00:00:00+01:00,,['https://www.bonn.sitzung-online.de/public/oparl/organizations?typ=gr&id=338'],2025-05-28T14:01:42+02:00,2025-05-28T14:01:42+02:00
https://www.bonn.sitzung-online.de/public/oparl/meetings?id=2005248,Sitzung des Beirates Bürgerbeteiligung (Sammeldatum für alle Vorlagen der neuen Wahlperiode),2025-12-31T18:00:00+01:00,2026-01-01T00:00:00+01:00,,['https://www.bonn.sitzung-online.de/public/oparl/organizations?typ=gr&id=259'],2025-05-28T14:02:01+02:00,2025-05-28T14:02:01+02:00
https://www.bonn.sitzung-online.de/public/oparl/meetings?id=2005249,Sitzung der Kunstkommission (Sammeldatum für alle Vorlagen der neuen Wahlperiode),2025-12-31T18:00:00+01:00,2026-01-01T00:00:00+01:00,,['https://www.bonn.sitzung-online.de/public/oparl/organizations?typ=gr&id=16'],2025-05-28T14:02:22+02:00,2025-05-28T14:02:22+02:00
https://www.bonn.sitzung-online.de/public/oparl/meetings?id=2005250,Sitzung des Projektbeirates Masterplan Innere Stadt 2.0 (Sammeldatum für alle Vorlagen der neuen Wahlperiode),2025-12-31T18:00:00+01:00,2026-01-01T00:00:00+01:00,,['https://www.bonn.sitzung-online.de/public/oparl/organizations?typ=gr&id=347'],2025-05-28T14:02:51+02:00,2025-05-28T14:02:51+02:00
https://www.bonn.sitzung-online.de/public/oparl/meetings?id=2005255,Sitzung des Betriebsausschusses SGB (Sammeldatum für alle Vorlagen der neuen Wahlperiode),2025-12-31T18:00:00+01:00,2026-01-01T00:00:00+01:00,,['https://www.bonn.sitzung-online.de/public/oparl/organizations?typ=gr&id=150'],2025-05-28T15:11:52+02:00,2025-05-28T15:12:20+02:00
https://www.bonn.sitzung-online.de/public/oparl/meetings?id=2005256,Sitzung des LA Umsetzung Orga SGB (Sammeldatum für alle Vorlagen der neuen Wahlperiode),2025-12-31T18:00:00+01:00,2026-01-01T00:00:00+01:00,,['https://www.bonn.sitzung-online.de/public/oparl/organizations?typ=gr&id=312'],2025-05-28T15:14:40+02:00,2025-05-28T15:14:40+02:00
https://www.bonn.sitzung-online.de/public/oparl/meetings?id=2005258,Sitzung des Projektbeirates Neues Quartier Bundesviertel (Sammeldatum für alle Vorlagen der neuen Wahlperiode),2025-12-31T18:00:00+01:00,2026-01-01T00:00:00+01:00,,['https://www.bonn.sitzung-online.de/public/oparl/organizations?typ=gr&id=349'],2025-05-28T15:15:45+02:00,2025-05-28T15:15:46+02:00
https://www.bonn.sitzung-online.de/public/oparl/meetings?id=2005259,Sitzung des Projektbeirates Sanierung Beethovenhalle Bonn (Sammeldatum für alle Vorlagen der neuen Wahlperiode),2025-12-31T18:00:00+01:00,2026-01-01T00:00:00+01:00,,['https://www.bonn.sitzung-online.de/public/oparl/organizations?typ=gr&id=333'],2025-05-28T15:16:17+02:00,2025-05-28T15:17:34+02:00
https://www.bonn.sitzung-online.de/public/oparl/meetings?id=2005264,Sitzung des Sportausschusses (Sammeldatum für alle Vorlagen der neuen Wahlperiode),2025-12-31T18:00:00+01:00,2026-01-01T00:00:00+01:00,,['https://www.bonn.sitzung-online.de/public/oparl/organizations?typ=gr&id=25'],2025-06-03T14:09:29+02:00,2025-06-03T14:09:29+02:00
https://www.bonn.sitzung-online.de/public/oparl/meetings?id=2005233,Sitzung des Schulausschusses (Sammeldatum für alle Vorlagen der neuen Wahlperiode),2025-12-31T17:30:00+01:00,2026-01-01T00:00:00+01:00,,['https://www.bonn.sitzung-online.de/public/oparl/organizations?typ=gr&id=10'],2025-05-28T13:57:03+02:00,2025-05-28T13:57:03+02:00
https://www.bonn.sitzung-online.de/public/oparl/meetings?id=2005246,Sitzung des Unterausschusses Denkmalschutz (Sammeldatum für alle Vorlagen der neuen Wahlperiode),2025-12-31T17:00:00+01:00,2026-01-01T00:00:00+01:00,,['https://www.bonn.sitzung-online.de/public/oparl/organizations?typ=gr&id=343'],2025-05-28T14:01:22+02:00,2025-05-28T14:01:22+02:00
https://www.bonn.sitzung-online.de/public/oparl/meetings?id=2005411,Sitzung des Naturschutzbeirates (Sammeldatum für alle Vorlagen der neuen Wahlperiode),2025-12-31T17:00:00+01:00,2026-01-01T00:00:00+01:00,,['https://www.bonn.sitzung-online.de/public/oparl/organizations?typ=gr&id=26'],2025-07-15T12:58:25+02:00,2025-07-15T12:58:25+02:00
https://www.bonn.sitzung-online.de/public/oparl/meetings?id=2005412,Sitzung des Projektbeirates Behindertenpolitischer Teilhabeplan (Sammeldatum für alle Vorlagen der neuen Wahlperiode),2025-12-31T17:00:00+01:00,2025-12-31T23:59:00+01:00,,['https://www.bonn.sitzung-online.de/public/oparl/organizations?typ=gr&id=334'],2025-07-15T12:59:18+02:00,2025-07-15T12:59:18+02:00
https://www.bonn.sitzung-online.de/public/oparl/meetings?id=2005236,Sitzung der Baumkommission (Sammeldatum für alle Vorlagen der neuen Wahlperiode),2025-12-31T15:00:00+01:00,2026-01-01T00:00:00+01:00,,['https://www.bonn.sitzung-online.de/public/oparl/organizations?typ=gr&id=15'],2025-05-28T13:58:27+02:00,2025-05-28T13:58:27+02:00
https://www.bonn.sitzung-online.de/public/oparl/meetings?id=2005410,Sitzung des Beirates zum ehrenamtlichen Bevölkerungs- und Katastrophenschutz (Sammeldatum für alle Vorlagen der neuen Wahlperiode),2025-12-31T00:00:00+01:00,2026-01-01T00:00:00+01:00,,['https://www.bonn.sitzung-online.de/public/oparl/organizations?typ=gr&id=332'],2025-07-15T12:57:47+02:00,2025-07-15T12:57:51+02:00
https://www.bonn.sitzung-online.de/public/oparl/meetings?id=2005257,"Sitzung des Ausschusses für Europa, Internationales, Wissenschaft, Wirtschaft und Arbeit (Sammeldatum für alle Vorlagen der neuen Wahlperiode)",2025-12-31T00:00:00+01:00,2025-12-31T23:59:00+01:00,,['https://www.bonn.sitzung-online.de/public/oparl/organizations?typ=gr&id=335'],2025-05-28T15:15:06+02:00,2025-05-28T15:15:06+02:00
https://www.bonn.sitzung-online.de/public/oparl/meetings?id=2004209,Sitzung des Rates,2025-12-11T17:00:00+01:00,2025-12-12T00:00:00+01:00,,['https://www.bonn.sitzung-online.de/public/oparl/organizations?typ=gr&id=1'],2025-10-12T04:40:10+02:00,2025-10-12T04:40:10+02:00
https://www.bonn.sitzung-online.de/public/oparl/meetings?id=2005320,Sitzung der Bezirksvertretung Beuel,2025-12-10T17:00:00+01:00,2025-12-11T00:00:00+01:00,,['https://www.bonn.sitzung-online.de/public/oparl/organizations?typ=gr&id=4'],2025-06-16T13:43:10+02:00,2025-06-16T13:43:10+02:00
https://www.bonn.sitzung-online.de/public/oparl/meetings?id=2005159,Sitzung der Bezirksvertretung Bad Godesberg,2025-12-03T17:00:00+01:00,2025-12-04T00:00:00+01:00,,['https://www.bonn.sitzung-online.de/public/oparl/organizations?typ=gr&id=3'],2025-04-28T10:12:48+02:00,2025-04-28T10:12:49+02:00
https://www.bonn.sitzung-online.de/public/oparl/meetings?id=2005164,Sitzung der Bezirksvertretung Hardtberg,2025-12-02T18:00:00+01:00,2025-12-03T00:00:00+01:00,,['https://www.bonn.sitzung-online.de/public/oparl/organizations?typ=gr&id=5'],2025-05-05T08:17:56+02:00,2025-05-05T08:17:56+02:00
https://www.bonn.sitzung-online.de/public/oparl/meetings?id=2005161,Sitzung der Bezirksvertretung Bonn,2025-12-02T17:00:00+01:00,2025-12-03T00:00:00+01:00,,['https://www.bonn.sitzung-online.de/public/oparl/organizations?typ=gr&id=2'],2025-04-30T08:51:18+02:00,2025-04-30T08:51:18+02:00
https://www.bonn.sitzung-online.de/public/oparl/meetings?id=2004208,Sitzung des Rates (konstituierende Sitzung),2025-11-13T17:00:00+01:00,2025-11-14T00:00:00+01:00,,['https://www.bonn.sitzung-online.de/public/oparl/organizations?typ=gr&id=1'],2025-10-12T04:40:10+02:00,2025-10-12T04:40:10+02:00
https://www.bonn.sitzung-online.de/public/oparl/meetings?id=2005319,Konstituierende Sitzung der Bezirksvertretung Beuel,2025-11-12T17:00:00+01:00,2025-11-13T00:00:00+01:00,,['https://www.bonn.sitzung-online.de/public/oparl/organizations?typ=gr&id=4'],2025-06-16T13:42:09+02:00,2025-06-16T13:42:09+02:00
https://www.bonn.sitzung-online.de/public/oparl/meetings?id=2005556,Sitzung des Städtebau- und Gestaltungsbeirates,2025-11-12T14:00:00+01:00,2025-11-12T18:00:00+01:00,,['https://www.bonn.sitzung-online.de/public/oparl/organizations?typ=gr&id=250'],2025-10-09T10:45:17+02:00,2025-10-09T10:45:17+02:00
https://www.bonn.sitzung-online.de/public/oparl/meetings?id=2005158,Konstituierende Sitzung der Bezirksvertretung Bad Godesberg,2025-11-06T17:00:00+01:00,2025-11-07T00:00:00+01:00,,['https://www.bonn.sitzung-online.de/public/oparl/organizations?typ=gr&id=3'],2025-04-28T10:12:12+02:00,2025-05-05T08:18:37+02:00
https://www.bonn.sitzung-online.de/public/oparl/meetings?id=2005163,Konstituierende Sitzung der Bezirksvertretung Hardtberg,2025-11-04T18:00:00+01:00,2025-11-05T00:00:00+01:00,,['https://www.bonn.sitzung-online.de/public/oparl/organizations?typ=gr&id=5'],2025-05-05T08:17:28+02:00,2025-05-05T08:18:22+02:00
https://www.bonn.sitzung-online.de/public/oparl/meetings?id=2005160,Konstituierende Sitzung der Bezirksvertretung Bonn,2025-11-04T17:00:00+01:00,2025-11-05T00:00:00+01:00,,['https://www.bonn.sitzung-online.de/public/oparl/organizations?typ=gr&id=2'],2025-04-30T08:47:47+02:00,2025-10-14T16:49:10+02:00
